<?xml version="1.0" encoding="UTF-8"?>
<feed xmlns="http://www.w3.org/2005/Atom" xml:lang="pl">
	<title type="text">19 PDH Puszcza</title>
	<subtitle type="text">Strona i kronika harcerzy z 19 PDH Puszcza</subtitle>
	<updated>2017-11-23T00:00:00Z</updated>
	<link rel="alternate" type="text/html" href="https://19.niedzwiedzinski.cyou" />
	<id>https://19.niedzwiedzinski.cyou/atom.xml</id>
	<link rel="self" type="application/atom+xml" href="https://19.niedzwiedzinski.cyou/atom.xml" />
<entry>
	<title type="text">Szybowce</title>
	<link rel="alternate" type="text/html" href="https://19.niedzwiedzinski.cyou/2021-01-14-szybowce.html" />
	<id>https://19.niedzwiedzinski.cyou/2021-01-14-szybowce.html</id>
	<updated>2021-01-14T00:00:00Z</updated>
	<published>2021-01-14T00:00:00Z</published>
	<author>
		<name>19 PDH Puszcza</name>
		<uri>https://19.niedzwiedzinski.cyou</uri>
	</author>
	<summary type="text">Strona i kronika harcerzy z 19 PDH Puszcza</summary>
</entry>
<entry>
	<title type="text">Biwak na forcie 1A</title>
	<link rel="alternate" type="text/html" href="https://19.niedzwiedzinski.cyou/2020-10-17-biwak-na-forcie-1a.html" />
	<id>https://19.niedzwiedzinski.cyou/2020-10-17-biwak-na-forcie-1a.html</id>
	<updated>2020-10-17T00:00:00Z</updated>
	<published>2020-10-17T00:00:00Z</published>
	<author>
		<name>19 PDH Puszcza</name>
		<uri>https://19.niedzwiedzinski.cyou</uri>
	</author>
	<summary type="text">Strona i kronika harcerzy z 19 PDH Puszcza</summary>
</entry>
<entry>
	<title type="text">Przyroda nad jeziorem Sporym</title>
	<link rel="alternate" type="text/html" href="https://19.niedzwiedzinski.cyou/2020-09-14-przyroda-nad-jeziorem-sporym.html" />
	<id>https://19.niedzwiedzinski.cyou/2020-09-14-przyroda-nad-jeziorem-sporym.html</id>
	<updated>2020-09-14T00:00:00Z</updated>
	<published>2020-09-14T00:00:00Z</published>
	<author>
		<name>19 PDH Puszcza</name>
		<uri>https://19.niedzwiedzinski.cyou</uri>
	</author>
	<summary type="text">Strona i kronika harcerzy z 19 PDH Puszcza</summary>
</entry>
<entry>
	<title type="text">Teatr</title>
	<link rel="alternate" type="text/html" href="https://19.niedzwiedzinski.cyou/2020-07-20-teatr.html" />
	<id>https://19.niedzwiedzinski.cyou/2020-07-20-teatr.html</id>
	<updated>2020-07-20T00:00:00Z</updated>
	<published>2020-07-20T00:00:00Z</published>
	<author>
		<name>19 PDH Puszcza</name>
		<uri>https://19.niedzwiedzinski.cyou</uri>
	</author>
	<summary type="text">Strona i kronika harcerzy z 19 PDH Puszcza</summary>
</entry>
<entry>
	<title type="text">Chrzest namiotu Jerzego</title>
	<link rel="alternate" type="text/html" href="https://19.niedzwiedzinski.cyou/2020-07-13-chrzest-namiotu.html" />
	<id>https://19.niedzwiedzinski.cyou/2020-07-13-chrzest-namiotu.html</id>
	<updated>2020-07-13T00:00:00Z</updated>
	<published>2020-07-13T00:00:00Z</published>
	<author>
		<name>19 PDH Puszcza</name>
		<uri>https://19.niedzwiedzinski.cyou</uri>
	</author>
	<summary type="text">Strona i kronika harcerzy z 19 PDH Puszcza</summary>
</entry>
<entry>
	<title type="text">Plakietki drużyny</title>
	<link rel="alternate" type="text/html" href="https://19.niedzwiedzinski.cyou/2020-07-12-naszywki-drużyny.html" />
	<id>https://19.niedzwiedzinski.cyou/2020-07-12-naszywki-drużyny.html</id>
	<updated>2020-07-12T00:00:00Z</updated>
	<published>2020-07-12T00:00:00Z</published>
	<author>
		<name>19 PDH Puszcza</name>
		<uri>https://19.niedzwiedzinski.cyou</uri>
	</author>
	<summary type="text">Strona i kronika harcerzy z 19 PDH Puszcza</summary>
</entry>
<entry>
	<title type="text">Chrzest</title>
	<link rel="alternate" type="text/html" href="https://19.niedzwiedzinski.cyou/2020-07-11-chrzest.html" />
	<id>https://19.niedzwiedzinski.cyou/2020-07-11-chrzest.html</id>
	<updated>2020-07-11T00:00:00Z</updated>
	<published>2020-07-11T00:00:00Z</published>
	<author>
		<name>19 PDH Puszcza</name>
		<uri>https://19.niedzwiedzinski.cyou</uri>
	</author>
	<summary type="text">Strona i kronika harcerzy z 19 PDH Puszcza</summary>
</entry>
<entry>
	<title type="text">Obóz 2020</title>
	<link rel="alternate" type="text/html" href="https://19.niedzwiedzinski.cyou/2020-07-06-obóz-2020.html" />
	<id>https://19.niedzwiedzinski.cyou/2020-07-06-obóz-2020.html</id>
	<updated>2020-07-06T00:00:00Z</updated>
	<published>2020-07-06T00:00:00Z</published>
	<author>
		<name>19 PDH Puszcza</name>
		<uri>https://19.niedzwiedzinski.cyou</uri>
	</author>
	<summary type="text">Strona i kronika harcerzy z 19 PDH Puszcza</summary>
</entry>
<entry>
	<title type="text">Moja próba na ćwika</title>
	<link rel="alternate" type="text/html" href="https://19.niedzwiedzinski.cyou/2020-06-24-proba-na-cwika.html" />
	<id>https://19.niedzwiedzinski.cyou/2020-06-24-proba-na-cwika.html</id>
	<updated>2020-06-24T00:00:00Z</updated>
	<published>2020-06-24T00:00:00Z</published>
	<author>
		<name>19 PDH Puszcza</name>
		<uri>https://19.niedzwiedzinski.cyou</uri>
	</author>
	<summary type="text">Strona i kronika harcerzy z 19 PDH Puszcza</summary>
</entry>
<entry>
	<title type="text">Zbiórka Puszczy online</title>
	<link rel="alternate" type="text/html" href="https://19.niedzwiedzinski.cyou/2020-06-18-zbiorka-online.html" />
	<id>https://19.niedzwiedzinski.cyou/2020-06-18-zbiorka-online.html</id>
	<updated>2020-06-18T00:00:00Z</updated>
	<published>2020-06-18T00:00:00Z</published>
	<author>
		<name>19 PDH Puszcza</name>
		<uri>https://19.niedzwiedzinski.cyou</uri>
	</author>
	<summary type="text">Strona i kronika harcerzy z 19 PDH Puszcza</summary>
</entry>
<entry>
	<title type="text">Sylwester Bractwa Wędrowniczego</title>
	<link rel="alternate" type="text/html" href="https://19.niedzwiedzinski.cyou/2020-01-01-sylwester-bractwa.html" />
	<id>https://19.niedzwiedzinski.cyou/2020-01-01-sylwester-bractwa.html</id>
	<updated>2020-01-01T00:00:00Z</updated>
	<published>2020-01-01T00:00:00Z</published>
	<author>
		<name>19 PDH Puszcza</name>
		<uri>https://19.niedzwiedzinski.cyou</uri>
	</author>
	<summary type="text">Strona i kronika harcerzy z 19 PDH Puszcza</summary>
</entry>
<entry>
	<title type="text">Pierwszy biwak Puszczy</title>
	<link rel="alternate" type="text/html" href="https://19.niedzwiedzinski.cyou/2019-11-24-pierwszy-biwak-puszczy.html" />
	<id>https://19.niedzwiedzinski.cyou/2019-11-24-pierwszy-biwak-puszczy.html</id>
	<updated>2019-11-24T00:00:00Z</updated>
	<published>2019-11-24T00:00:00Z</published>
	<author>
		<name>19 PDH Puszcza</name>
		<uri>https://19.niedzwiedzinski.cyou</uri>
	</author>
	<summary type="text">Strona i kronika harcerzy z 19 PDH Puszcza</summary>
</entry>
<entry>
	<title type="text">Biwak przekazaniowy</title>
	<link rel="alternate" type="text/html" href="https://19.niedzwiedzinski.cyou/2019-09-28-biwak-przekazaniowy.html" />
	<id>https://19.niedzwiedzinski.cyou/2019-09-28-biwak-przekazaniowy.html</id>
	<updated>2019-09-28T00:00:00Z</updated>
	<published>2019-09-28T00:00:00Z</published>
	<author>
		<name>19 PDH Puszcza</name>
		<uri>https://19.niedzwiedzinski.cyou</uri>
	</author>
	<summary type="text">Strona i kronika harcerzy z 19 PDH Puszcza</summary>
</entry>
</feed>
