<?xml version="1.0" encoding="UTF-8"?>
<rss version="2.0"
  xmlns:content="http://purl.org/rss/1.0/modules/content/"
  xmlns:dc="http://purl.org/dc/elements/1.1/">
<channel>
	<title>19 PDH Puszcza</title>
	<description>Strona i kronika harcerzy z 19 PDH Puszcza</description>
	<link>https://19.niedzwiedzinski.cyou</link>
<item>
	<title>Szybowce</title>
	<link>https://19.niedzwiedzinski.cyou/2021-01-14-szybowce.html</link>
	<guid>https://19.niedzwiedzinski.cyou/2021-01-14-szybowce.html</guid>
	<dc:date>2021-01-14T00:00:00Z</dc:date>
	<author>19 PDH Puszcza</author>
	<description>Strona i kronika harcerzy z 19 PDH Puszcza</description>
</item>
<item>
	<title>Biwak na forcie 1A</title>
	<link>https://19.niedzwiedzinski.cyou/2020-10-17-biwak-na-forcie-1a.html</link>
	<guid>https://19.niedzwiedzinski.cyou/2020-10-17-biwak-na-forcie-1a.html</guid>
	<dc:date>2020-10-17T00:00:00Z</dc:date>
	<author>19 PDH Puszcza</author>
	<description>Strona i kronika harcerzy z 19 PDH Puszcza</description>
</item>
<item>
	<title>Przyroda nad jeziorem Sporym</title>
	<link>https://19.niedzwiedzinski.cyou/2020-09-14-przyroda-nad-jeziorem-sporym.html</link>
	<guid>https://19.niedzwiedzinski.cyou/2020-09-14-przyroda-nad-jeziorem-sporym.html</guid>
	<dc:date>2020-09-14T00:00:00Z</dc:date>
	<author>19 PDH Puszcza</author>
	<description>Strona i kronika harcerzy z 19 PDH Puszcza</description>
</item>
<item>
	<title>Teatr</title>
	<link>https://19.niedzwiedzinski.cyou/2020-07-20-teatr.html</link>
	<guid>https://19.niedzwiedzinski.cyou/2020-07-20-teatr.html</guid>
	<dc:date>2020-07-20T00:00:00Z</dc:date>
	<author>19 PDH Puszcza</author>
	<description>Strona i kronika harcerzy z 19 PDH Puszcza</description>
</item>
<item>
	<title>Plakietki drużyny</title>
	<link>https://19.niedzwiedzinski.cyou/2020-07-12-naszywki-drużyny.html</link>
	<guid>https://19.niedzwiedzinski.cyou/2020-07-12-naszywki-drużyny.html</guid>
	<dc:date>2020-07-12T00:00:00Z</dc:date>
	<author>19 PDH Puszcza</author>
	<description>Strona i kronika harcerzy z 19 PDH Puszcza</description>
</item>
<item>
	<title>Chrzest</title>
	<link>https://19.niedzwiedzinski.cyou/2020-07-11-chrzest.html</link>
	<guid>https://19.niedzwiedzinski.cyou/2020-07-11-chrzest.html</guid>
	<dc:date>2020-07-11T00:00:00Z</dc:date>
	<author>19 PDH Puszcza</author>
	<description>Strona i kronika harcerzy z 19 PDH Puszcza</description>
</item>
<item>
	<title>Obóz 2020</title>
	<link>https://19.niedzwiedzinski.cyou/2020-07-06-obóz-2020.html</link>
	<guid>https://19.niedzwiedzinski.cyou/2020-07-06-obóz-2020.html</guid>
	<dc:date>2020-07-06T00:00:00Z</dc:date>
	<author>19 PDH Puszcza</author>
	<description>Strona i kronika harcerzy z 19 PDH Puszcza</description>
</item>
<item>
	<title>Moja próba na ćwika</title>
	<link>https://19.niedzwiedzinski.cyou/2020-06-24-proba-na-cwika.html</link>
	<guid>https://19.niedzwiedzinski.cyou/2020-06-24-proba-na-cwika.html</guid>
	<dc:date>2020-06-24T00:00:00Z</dc:date>
	<author>19 PDH Puszcza</author>
	<description>Strona i kronika harcerzy z 19 PDH Puszcza</description>
</item>
<item>
	<title>Zbiórka Puszczy online</title>
	<link>https://19.niedzwiedzinski.cyou/2020-06-18-zbiorka-online.html</link>
	<guid>https://19.niedzwiedzinski.cyou/2020-06-18-zbiorka-online.html</guid>
	<dc:date>2020-06-18T00:00:00Z</dc:date>
	<author>19 PDH Puszcza</author>
	<description>Strona i kronika harcerzy z 19 PDH Puszcza</description>
</item>
<item>
	<title>Sylwester Bractwa Wędrowniczego</title>
	<link>https://19.niedzwiedzinski.cyou/2020-01-01-sylwester-bractwa.html</link>
	<guid>https://19.niedzwiedzinski.cyou/2020-01-01-sylwester-bractwa.html</guid>
	<dc:date>2020-01-01T00:00:00Z</dc:date>
	<author>19 PDH Puszcza</author>
	<description>Strona i kronika harcerzy z 19 PDH Puszcza</description>
</item>
<item>
	<title>Pierwszy biwak Puszczy</title>
	<link>https://19.niedzwiedzinski.cyou/2019-11-24-pierwszy-biwak-puszczy.html</link>
	<guid>https://19.niedzwiedzinski.cyou/2019-11-24-pierwszy-biwak-puszczy.html</guid>
	<dc:date>2019-11-24T00:00:00Z</dc:date>
	<author>19 PDH Puszcza</author>
	<description>Strona i kronika harcerzy z 19 PDH Puszcza</description>
</item>
<item>
	<title>Biwak przekazaniowy</title>
	<link>https://19.niedzwiedzinski.cyou/2019-09-28-biwak-przekazaniowy.html</link>
	<guid>https://19.niedzwiedzinski.cyou/2019-09-28-biwak-przekazaniowy.html</guid>
	<dc:date>2019-09-28T00:00:00Z</dc:date>
	<author>19 PDH Puszcza</author>
	<description>Strona i kronika harcerzy z 19 PDH Puszcza</description>
</item>
</channel>
</rss>
